Source,Target
b3067,b3265
b0889,b1063
b1922,b1246
b1320,b1224
b3261,b3845
b3357,b1256
b0889,b4244
b3237,b0923
b3711,b1299
b4401,b0854
b3912,b0970
b1988,b0639
b3067,b2942
b3067,b2241
b1988,b0587
b1275,b2752
b1334,b1182
b0995,b0998
b2980,b2980
b3067,b3458
b1988,b3876
b2573,b0049
b3067,b0850
b3755,b2141
b3067,b3749
b0546,b3504
b2741,b3047
b3357,b2758
b1564,b1562
b1658,b2311
b3357,b3230
b0889,b1866
b0683,b3410
b1040,b1940
b1334,b2201
b1531,b3037
b3461,b2123
b1334,b4074
b3067,b3203
b3783,b3783
b1334,b0618
b3202,b3477
b3512,b1493
b2398,b0287
b2157,b3711
b2741,b1276
b2741,b0094
b0676,b2415
b3067,b3846
b3067,b0058
b3067,b4120
b1040,b1922
b0889,b1197
b3261,b3164
b3067,b3611
b2369,b3513
b2741,b3919
b0730,b0730
b3438,b3415
b2193,b1670
b4324,b1617
b3067,b0134
b3067,b1914
b2127,b1037
b3067,b1913
b3711,b2488
b1922,b4660
b3067,b1049
b1988,b1842
b4191,b4192
b2916,b2916
b1187,b1092
b1334,b1241
b1921,b1492
b0889,b0707
b3516,b3507
b2125,b3236
b0629,b0826
b0162,b3127
b0683,b1761
b3753,b1623
b4178,b2709
b2531,b2630
b3357,b0328
b3357,b0957
b3202,b2866
b3067,b2980
b3711,b4082
b3934,b3831
b1988,b0162
b1988,b3617
b1334,b2917
b3357,b2150
b2667,b2690
b3237,b3633
b3067,b1864
b0464,b4063
b3067,b3787
b3067,b3316
b0676,b4399
b2531,b1680
b0889,b1493
b3067,b0086
b4124,b4138
b0683,b3441
b2741,b0728
b3357,b0039
b1221,b4076
b3461,b4397
b3067,b1589
b3067,b2804
b2193,b0972
b2573,b1049
b3872,b3863
b3357,b3749
b3912,b4490
b3357,b1761
b3067,b0031
b1130,b3035
b2193,b4209
b4401,b3569
b3067,b3543
b3067,b3625
b4178,b2723
b0113,b2977
b3067,b2607
b1334,b4040
b1187,b0443
b2741,b1745
b3357,b3093
b3067,b1020
b1221,b0903
b2573,b0180
b0145,b3299
b3067,b4198
b3516,b3508
b2741,b2149
b3202,b1784
b3067,b4203
b3067,b3957
b2573,b2571
b3067,b3961
b3461,b0966
b3067,b3634
b1434,b1434
b1988,b0769
b1988,b2332
b2573,b0179
b1988,b3029
b0076,b4365
b0399,b4101
b3711,b0493
b3357,b2143
b3961,b0873
b3512,b0428
b0145,b2572
b3261,b0973
b3067,b0588
b0483,b2408
b3357,b2759
b1659,b1638
b1499,b3922
b3585,b4382
b2193,b2208
b3202,b2712
b3357,b4381
b1130,b0565
b1477,b0137
b3067,b1162
b0676,b0677
b3357,b2913
b3202,b3422
b0080,b0116
b1439,b1375
b3067,b1237
b2157,b3214
b0683,b0593
b3711,b0827
b1334,b2498
b3357,b3691
b1320,b2315
b2696,b1024
b3264,b0463
b3067,b2471
b2696,b3429
b3357,b0757
b3067,b3067
b0683,b3213
b2805,b2804
b0464,b0464
b3067,b3455
b3512,b3213
b0676,b2460
b3067,b3830
b3067,b0234
b3067,b1925
b1334,b1475
b0676,b2459
b0889,b0057
b1988,b0219
b4178,b1781
b3067,b2284
b0995,b0997
b0889,b2784
b1328,b1327
b3067,b3869
b3067,b1438
b2741,b4025
b0081,b0082
b4401,b0429
b3067,b3295
b0069,b0066
b3067,b3223
b2157,b1125
b3067,b4088
b3067,b3729
b3067,b2168
b1508,b2782
b2573,b0439
b3261,b0999
b0846,b0958
b1013,b1285
b4178,b1385
b4401,b2979
b0889,b0881
b0294,b1891
b0889,b0076
b0435,b0839
b1130,b3939
b3711,b2232
b1334,b4076
b3067,b2592
b3753,b3749
b0145,b0002
b3067,b3666
b3357,b3601
b4191,b4197
b2157,b0621
b3067,b4490
b1334,b1226
b3961,b2000
b1988,b1843
b3067,b4478
b0546,b3092
b1988,b0704
b3067,b0347
b0761,b0765
b1526,b0432
b2157,b2923
b2741,b1165
b1618,b1617
b3357,b3164
b0683,b3331
b3461,b2193
b3357,b3903
b0546,b2450
b4480,b3214
b1988,b0208
b2399,b4291
b0483,b4169
b3067,b0776
b3516,b3514
b3067,b4321
b3094,b3091
b1221,b0975
b4401,b0699
b3067,b2423
b1988,b2156
b3067,b3454
b1642,b4565
b3067,b3651
b3067,b2268
b3711,b3182
b4178,b1717
b3226,b4310
b3912,b3912
b0145,b0066
b0069,b4662
b3067,b3831
b3357,b4476
b1130,b1501
b3357,b0953
b1988,b1961
b3357,b1512
b3067,b3417
b0889,b0802
b3067,b2760
b2808,b2903
b0761,b2207
b3067,b3821
b1987,b0365
b3067,b3839
b3961,b1203
b3237,b0889
b3067,b0431
b3067,b2280
b2741,b3995
b2157,b2011
b2731,b2730
b4401,b0431
b1921,b1040
b3357,b0036
b4401,b0931
b4178,b0353
b0145,b2696
b1130,b4005
b3912,b1902
b2157,b4124
b3067,b2758
b1299,b1300
b2741,b0095
b3067,b1224
b1334,b3543
b3105,b3106
b0889,b4019
b0889,b3616
b3067,b0512
b1531,b3625
b2531,b0976
b2079,b0897
b3067,b2674
b1914,b1501
b2667,b2792
b3961,b1680
b3423,b3926
b4401,b2997
b2193,b1797
b1221,b0620
b0889,b1200
b1988,b0031
b3067,b2094
b3067,b3912
b3237,b3212
b0889,b0093
b3067,b3202
b1658,b2903
b2741,b1748
b4043,b0800
b1988,b0721
b3067,b2242
b3357,b0334
b3067,b1947
b1921,b3514
b3423,b3426
b1334,b2957
b4327,b4290
b4327,b4289
b1221,b0872
b3261,b2241
b4062,b3037
b3067,b1620
b0620,b0618
b0761,b1221
b0796,b0796
b0889,b1274
b3067,b2585
b0683,b4511
b1916,b0953
b1320,b3786
b2573,b3621
b3357,b3516
b1334,b2918
b4401,b3320
b3067,b2527
b2669,b2756
b0080,b0070
b1221,b1224
b1130,b3430
b1334,b2280
b0676,b3408
b1988,b3093
b0683,b3938
b4046,b1859
b3067,b3734
b3067,b3022
b2741,b2407
b3237,b0045
b3067,b0314
b1334,b1854
b3711,b0821
b0889,b3460
b3984,b3987
b3306,b3303
b3912,b0754
b0889,b4057
b0889,b1482
b0683,b1732
b0889,b1323
b4116,b1493
b3067,b0067
b3067,b0120
b3067,b2582
b0145,b3230
b3438,b4265
b3067,b4152
b1320,b1515
b3357,b3961
b3067,b1950
b3461,b3989
b3357,b4309
b3071,b3071
b3067,b4132
b1642,b2757
b3961,b1684
b4401,b2276
b4401,b0972
b3202,b2487
b3261,b3567
b3237,b2818
b2157,b2511
b1988,b2181
b4260,b0033
b1334,b1587
b1320,b3220
b0889,b3770
b3357,b4033
b1642,b4305
b3067,b3130
b1320,b3671
b0113,b0088
b1988,b1758
b4178,b2364
b3067,b0912
b3711,b0365
b3743,b3741
b3067,b3599
b0113,b0431
b0683,b4291
b0676,b1819
b2706,b2703
b1477,b4218
b2157,b1013
b3711,b1667
b3067,b3708
b3961,b1679
b3237,b0095
b0346,b0347
b3461,b0631
b1221,b1669
b1334,b0904
b3357,b0107
b1922,b1940
b1334,b2500
b1988,b2112
b3067,b3408
b0145,b3231
b3912,b2570
b3067,b0336
b2573,b1129
b0483,b2418
b1334,b3115
b0889,b0889
b3461,b1664
b1334,b0450
b3067,b2839
b3067,b1164
b3461,b0658
b1334,b0827
b3961,b4367
b2741,b1516
b2573,b0872
b1284,b0436
b3067,b3325
b3067,b2436
b3357,b2756
b3067,b0583
b3067,b2677
b3938,b0199
b3357,b2171
b2731,b2489
b3067,b3224
b3067,b0066
b3341,b3342
b4043,b0093
b3711,b1921
b0546,b0448
b0889,b0888
b1853,b3162
b3067,b2207
b2398,b0186
b3067,b1661
b3067,b3541
b1334,b2239
b3237,b2462
b4365,b2605
b2399,b0604
b4178,b2617
b0162,b2787
b4004,b3281
b2741,b3725
b3067,b4173
b3357,b3172
b1334,b0586
b1284,b2289
b1130,b0881
b2741,b2447
b3711,b3973
b4043,b2699
b2531,b2528
b3067,b4381
b3067,b2349
b3067,b2309
b3067,b4316
b3423,b2242
b2741,b1038
b3405,b1843
b3202,b0045
b0889,b0854
b4178,b4072
b1187,b0954
b1988,b3328
b3938,b0197
b0761,b1247
b4062,b3624
b0564,b0980
b1988,b1385
b1334,b2483
b3357,b3926
b3357,b3721
b2741,b2662
b1130,b2344
b1594,b1817
b3261,b3721
b3423,b2241
b3067,b4092
b1988,b4224
b1162,b1165
b2125,b0115
b3067,b1101
b3067,b2146
b1187,b2342
b2741,b1901
b3711,b4484
b2157,b0907
b2741,b1378
b2741,b1197
b3067,b1395
b3067,b2194
b1696,b3556
b4062,b3160
b1988,b3173
b1334,b0723
b3067,b3008
b1988,b2270
b2741,b1896
b3418,b4033
b1988,b1188
b0683,b4367
b0145,b2552
b4401,b2994
b3067,b4365
b3357,b4201
b2805,b2803
b3067,b1590
b3357,b2492
b0889,b3025
b3067,b1943
b0889,b1956
b3357,b0614
b3202,b3073
b2125,b0113
b0683,b1252
b3067,b0091
b3067,b2393
b3067,b2288
b1130,b1007
b3067,b1683
b3067,b1274
b2916,b3700
b3516,b1583
b0076,b2758
b2741,b0564
b0889,b2779
b0145,b3295
b3067,b2407
b3010,b3521
b0995,b3517
b1334,b4153
b1988,b2975
b3912,b3057
b3067,b0036
b0889,b1244
b1531,b3507
b3067,b3709
b3438,b4268
b3357,b0035
b3067,b2584
b0081,b0092
b0076,b2985
b0889,b2501
b0064,b1901
b3067,b2530
b3067,b0107
b3461,b1057
b3067,b0040
b2398,b0910
b3067,b3518
b3306,b3309
b3067,b1036
b1988,b2041
b3067,b0439
b3067,b3934
b0676,b2462
b1450,b1259
b4062,b1852
b1434,b1433
b1988,b3863
b3357,b1385
b2531,b2202
b3067,b2421
b3067,b2927
b2573,b3619
b2193,b1673
b2079,b2470
b2399,b0515
b3067,b2508
b4062,b1532
b1988,b3715
b1531,b0952
b3702,b2507
b4401,b0040
b1642,b4301
b4401,b3712
b3067,b3609
b3357,b1040
b3202,b2726
b2696,b0785
b4089,b4088
b0603,b0719
b4113,b3615
b2398,b3380
b4393,b1262
b1988,b3647
b3067,b4517
b0080,b4662
b4043,b0086
b3067,b2991
b1499,b0974
b4062,b0463
b3067,b3415
b2127,b3184
b3461,b0353
b2741,b1166
b0889,b4050
b0113,b0428
b1284,b4309
b3067,b1080
b2531,b0975
b1988,b1338
b3202,b1892
b3067,b0606
b4178,b1716
b0889,b1182
b3261,b0052
b3357,b0583
b3202,b2730
b2125,b1037
b0487,b0782
b2741,b1486
b4124,b3403
b1642,b3328
b3067,b3544
b3067,b4101
b4043,b0060
b3067,b1511
b3961,b0683
b1659,b1659
b0889,b2412
b3067,b2743
b3912,b2470
b1221,b0034
b3357,b2741
b3067,b2025
b1328,b1325
b4062,b3908
b3067,b0594
b0683,b3125
b2741,b1588
b3237,b0032
b0683,b4122
b3067,b3136
b3067,b2828
b1988,b2372
b3261,b0033
b4241,b4239
b2398,b2430
b3131,b3135
b3261,b2782
b4401,b1778
b1439,b1770
b1221,b0826
b4393,b1260
b0145,b0143
b4046,b0296
b3461,b3965
b1988,b4287
b3010,b3613
b2157,b1687
b4178,b1921
b1988,b2236
b3202,b3478
b1988,b1485
b3461,b2291
b2741,b3699
b0761,b2200
b4043,b4044
b3357,b4196
b1988,b3405
b4401,b2210
b1334,b0035
b3067,b0140
b2573,b4159
b1334,b3830
b2151,b2151
b3711,b1677
b2697,b2697
b3067,b2996
b0034,b0043
b1320,b1309
b4396,b1852
b2217,b0891
b1988,b3215
b4062,b1377
b2193,b4072
b2193,b4079
b0080,b0431
b3067,b0277
b2741,b0093
b3067,b1015
b3357,b2149
b2741,b1299
b3418,b3571
b1320,b1395
b3060,b3060
b4498,b2093
b1921,b2127
b0483,b1014
b1130,b3940
b3261,b4072
b1988,b3169
b3023,b1450
b0483,b4411
b1356,b1358
b3067,b3065
b3067,b1227
b3711,b0282
b4401,b0039
b3067,b4099
b3067,b2909
b1988,b3742
b3067,b2678
b0889,b0767
b0683,b1988
b0145,b3320
b3357,b3403
b0399,b1850
b0506,b0504
b1334,b0724
b0399,b0080
b3067,b1391
b0889,b4062
b3461,b4013
b4178,b3615
b3306,b3302
b1334,b3367
b2706,b2705
b0145,b1091
b4062,b0853
b2573,b0294
b3512,b3515
b4401,b2741
b1334,b0431
b3067,b0929
b1531,b1167
b3973,b0775
b0113,b4467
b1221,b2711
b3067,b3751
b3912,b1040
b2741,b1040
b2741,b1670
b3261,b3569
b2741,b2068
b4062,b1277
b2741,b2925
b3067,b3082
b1130,b4242
b3357,b1398
b1853,b3212
b2741,b3214
b1334,b0615
b3067,b1275
b3237,b3957
b3067,b3313
b1508,b1507
b0761,b1243
b2573,b0181
b3067,b0171
b3067,b1389
b3067,b0578
b1988,b4213
b3067,b2754
b1642,b3995
b3202,b1011
b1328,b1329
b1988,b1011
b4401,b3908
b1642,b4337
b2079,b1743
b3261,b3166
b3261,b3588
b1988,b1020
b1320,b2114
b2741,b0864
b3067,b2997
b3067,b4264
b2916,b0031
b1853,b3092
b0676,b0682
b3067,b1072
b1922,b3525
b2531,b2676
b1530,b1531
b1284,b2063
b1987,b0935
b2217,b1493
b3067,b2906
b3067,b4062
b1334,b2282
b1719,b1719
b3711,b4170
b1988,b1827
b1334,b2482
b0683,b4292
b2193,b1669
b4401,b0430
b3357,b2234
b4390,b0750
b3912,b2074
b3237,b0812
b1422,b2706
b3237,b4077
b3961,b4323
b2741,b1897
b1040,b1042
b0889,b1748
b3067,b0910
b2696,b1535
b4401,b1613
b1221,b4071
b3202,b3479
b0145,b2741
b1221,b4072
b3067,b3860
b0889,b3214
b0683,b1548
b3711,b1201
b3067,b4074
b3711,b0372
b0889,b4056
b3357,b2784
b4401,b0036
b1334,b0036
b2369,b3512
b2731,b2721
b3067,b0166
b4178,b3784
b4043,b3645
b0399,b2063
b1642,b1392
b3067,b4111
b2731,b2486
b3202,b2720
b1988,b1545
b0889,b0754
b3711,b3845
b1284,b3401
b3067,b0589
b3067,b0931
b3461,b1130
b2741,b1440
b2741,b3394
b3067,b0462
b0889,b3995
b3067,b1281
b1221,b1671
b1988,b0232
b3067,b0337
b3711,b3607
b3237,b3213
b0889,b1732
b3357,b1395
b1187,b2341
b3067,b1902
b2157,b2154
b4401,b2995
b3357,b2925
b3226,b3222
b2127,b1039
b3912,b1846
b1988,b3488
b3067,b3501
b0566,b2215
b3067,b3735
b3357,b1301
b2741,b1302
b3202,b4002
b1988,b2661
b0683,b3409
b3067,b0756
b3025,b4318
b1334,b4063
b3067,b2708
b3067,b4583
b1988,b3926
b1696,b0721
b3357,b2801
b1477,b2688
b1988,b4596
b3202,b1484
b3405,b1467
b0330,b0330
b1922,b1888
b2079,b2079
b3025,b4320
b1275,b1275
b4393,b0388
b2741,b3614
b3067,b4194
b1988,b1976
b3067,b0122
b0506,b0508
b2741,b2148
b1988,b4291
b1988,b0478
b3067,b1277
b0889,b2903
b1284,b0824
b1853,b4111
b3067,b2673
b1658,b2904
b3461,b2559
b1988,b1422
b3961,b3961
b2741,b4061
b3711,b2674
b1187,b0221
b3574,b3574
b2220,b2223
b3711,b3775
b4043,b1741
b3067,b3234
b2157,b3710
b3405,b4396
b3418,b0403
b0889,b0005
b1221,b4125
b0399,b1540
b1988,b0287
b3067,b4322
b3357,b2151
b0113,b2579
b0145,b3988
b3067,b3255
b3501,b3502
b3067,b4720
b3884,b3211
b4401,b3314
b3405,b2344
b3711,b3748
b2837,b2150
b0889,b1535
b0080,b1818
b3067,b2514
b3067,b2498
b3067,b2975
b3067,b1079
b1987,b0937
b2531,b2675
b1988,b1359
b3067,b1924
b4398,b3030
b3067,b0574
b4264,b4266
b3067,b0786
b3067,b1709
b4124,b0619
b2741,b2927
b3261,b0809
b1275,b1987
b0683,b3942
b1275,b2423
b3711,b2780
b2741,b1749
b0761,b4382
b3357,b4289
b3515,b3507
b3237,b2308
b0483,b2901
b1988,b2568
b3702,b2235
b3319,b3314
b3461,b0210
b1439,b3474
b3912,b4160
b3261,b4122
b1334,b0613
b0846,b1039
b3912,b2215
b3067,b0732
b0145,b2570
b3067,b3789
b1531,b3510
b4401,b2344
b2157,b4125
b4401,b2992
b4043,b4059
b3202,b3271
b1334,b0722
b0399,b4583
b1988,b0168
b1988,b3872
b3067,b4323
b0145,b3317
b3357,b3583
b2573,b2512
b4401,b2284
b1221,b2286
b0546,b2950
b3357,b0596
b3067,b3092
b1988,b4246
b2398,b1778
b3461,b4173
b0683,b0451
b1399,b1387
b3067,b0800
b0316,b3064
b3512,b0430
b3067,b3958
b2289,b1891
b2741,b0116
b0483,b3053
b3067,b0970
b4043,b0083
b3357,b1182
b3067,b1613
b2669,b3721
b1187,b3495
b3067,b4366
b3067,b0068
b2741,b2079
b1988,b0813
b3067,b1091
b2741,b0115
b3067,b4705
b2157,b0936
b1969,b0430
b2573,b0378
b3067,b3571
b3067,b3287
b1130,b1500
b2427,b2428
b1130,b3037
b3202,b0855
b3261,b3869
b1735,b1735
b0487,b0783
b4043,b1848
b3261,b3357
b2741,b1296
b4043,b2698
b1438,b4532
b4365,b2603
b3067,b2277
b3461,b0418
b3357,b3113
b1320,b2193
b3067,b0871
b3357,b2841
b3067,b2763
b1221,b1589
b3357,b2486
b3067,b0861
b0080,b2779
b3067,b3794
b1988,b4542
b1988,b2628
b3067,b1571
b3569,b3568
b1988,b3741
b1988,b0106
b3067,b3793
b3067,b3124
b4480,b3764
b3067,b1492
b3067,b4539
b1284,b0854
b4401,b3316
b0399,b4100
b1531,b3508
b1531,b2237
b3261,b2240
b0889,b3910
b3067,b2236
b2741,b1285
b0435,b4150
b3357,b2805
b1659,b3950
b3067,b3063
b1221,b2197
b2741,b0757
b2125,b1824
b0683,b0589
b3202,b2879
b4365,b4522
b1334,b2287
b3060,b3061
b1988,b3516
b3067,b3781
b3067,b1073
b2573,b3203
b3202,b0653
b0564,b0976
b1988,b1888
b2573,b3620
b0889,b3161
b3067,b4133
b3202,b3421
b3067,b2600
b3067,b2204
b3237,b1744
b2217,b1499
b3357,b0106
b4018,b4015
b1988,b1374
b1658,b0032
b1988,b0957
b3067,b3883
b3067,b1611
b2709,b2710
b1988,b2603
b0889,b0401
b4401,b0723
b1221,b1591
b1130,b1008
b1988,b3291
b1284,b1285
b3067,b0081
b1659,b2448
b1320,b1539
b3237,b0300
b4480,b1891
b2741,b0231
b1921,b3508
b1988,b2923
b3261,b1421
b3516,b1492
b3010,b0904
b2741,b1671
b3067,b4139
b3067,b2563
b0064,b4460
b3357,b0041
b1334,b1224
b4401,b4132
b2741,b2535
b3357,b0675
b3711,b3630
b0889,b0907
b2573,b3582
b3067,b1223
b2741,b0803
b1988,b1443
b0683,b4567
b4264,b4265
b0145,b2020
b0683,b2392
b3202,b2483
b3067,b2026
b3961,b1682
b1570,b1579
b3261,b3261
b2741,b0756
b2741,b4154
b3512,b3508
b3357,b4030
b2741,b3905
b1284,b1888
b0683,b0586
b3261,b2579
b3067,b4187
b1988,b1622
b3067,b0026
b1477,b3952
b4043,b1914
b0076,b0074
b0889,b3509
b3357,b2482
b3067,b4522
b0081,b3742
b0080,b3403
b3357,b4287
b3067,b0447
b3067,b4030
b4178,b4075
b3357,b4290
b2125,b1040
b0683,b1682
b1988,b3669
b2741,b1200
b0145,b2465
b1334,b1988
b1988,b0193
b2731,b2722
b0676,b4311
b3512,b3516
b2741,b0113
b3067,b4169
b3067,b3457
b1531,b1452
b1334,b1549
b3067,b4153
b3067,b0063
b3067,b0680
b3357,b1389
b3067,b2675
b4396,b0819
b2669,b2757
b1334,b4123
b0683,b1681
b1531,b1164
b0399,b0384
b1658,b2937
b3067,b0812
b2157,b2850
b2731,b2718
b0064,b3565
b3067,b0238
b0435,b3251
b3067,b4006
b3261,b4068
b3067,b4241
b3934,b2393
b3067,b1920
b3067,b1394
b3067,b1252
b3067,b4479
b3585,b3556
b2573,b3583
b3067,b2379
b0889,b4208
b1988,b1916
b3067,b4014
b3067,b1854
b4178,b3364
b1334,b2488
b3405,b4411
b3067,b1167
b1988,b1693
b0995,b3709
b1439,b1439
b2741,b0929
b0080,b3365
b1988,b4206
b3261,b3225
b0889,b0557
b3711,b3704
b3828,b4019
b4043,b2616
b3912,b3859
b1988,b0607
b4191,b4198
b1422,b1004
b3067,b0880
b3405,b0813
b1499,b0972
b3261,b3224
b1988,b4539
b2573,b2892
b0683,b0588
b1221,b2282
b3261,b3517
b3357,b2703
b1275,b2750
b1221,b1797
b3237,b3211
b3067,b1282
b3357,b0819
b1988,b0110
b4401,b1160
b1334,b1591
b3067,b0794
b1320,b4088
b2741,b2344
b0113,b0095
b4113,b1038
b1221,b0896
b3067,b0587
b3067,b3338
b1334,b2285
b3067,b4036
b3067,b4671
b2573,b2573
b0683,b0150
b2741,b2097
b0076,b4366
b4043,b0225
b4004,b1557
b4401,b2242
b3723,b3723
b3753,b4006
b1284,b4109
b1334,b2867
b1922,b1194
b1013,b1012
b1988,b4114
b1969,b0573
b2741,b3461
b1618,b1615
b3067,b0475
b4172,b2733
b1988,b2060
b3067,b1878
b3261,b2957
b3357,b3393
b3067,b3386
b4113,b1039
b0080,b2927
b2741,b3508
b3357,b3517
b0889,b3459
b1320,b3546
b2741,b1407
b0464,b1892
b3067,b3731
b1512,b1515
b3237,b0112
b3067,b1165
b3067,b1991
b3067,b0889
b3067,b3288
b3067,b0697
b1988,b2369
b1399,b1394
b1130,b3207
b4178,b1429
b3067,b1283
b2079,b2074
b2741,b2572
b0889,b3496
b1988,b4208
b1988,b1222
b3067,b4324
b4113,b3025
b1221,b3365
b2193,b4074
b1334,b2205
b3067,b2429
b3067,b1189
b3884,b2609
b3067,b0239
b3067,b2573
b2741,b3524
b3094,b4322
b2193,b0977
b2151,b2943
b3357,b3132
b4398,b4400
b3067,b0369
b1334,b4326
b0889,b3238
b1526,b2579
b1130,b1609
b3067,b3131
b0399,b0571
b1988,b3755
b0889,b4055
b2213,b4187
b4401,b0619
b0483,b0586
b0020,b1022
b0145,b3460
b1988,b2061
b3067,b3183
b1221,b1796
b0761,b0764
b3934,b3461
b1334,b3541
b1334,b4138
b3067,b2684
b3357,b0758
b1275,b1920
b1570,b1570
b4264,b4267
b3357,b3168
b2573,b0183
b0399,b0570
b2193,b2195
b1130,b3515
b1334,b1476
b2157,b1015
b1988,b0506
b3556,b1237
b3067,b1276
b3226,b4311
b4401,b0886
b3067,b1948
b2837,b0758
b1187,b0185
b1988,b1991
b3912,b3688
b3357,b3222
b1221,b0615
b1299,b1297
b2573,b0556
b3261,b1530
b3912,b2665
b3261,b2231
b0676,b3410
b0145,b2609
b3067,b0714
b4062,b0871
b1399,b1397
b2741,b0972
b0080,b1779
b4401,b4401
b1221,b4079
b3067,b0590
b2573,b3923
b0080,b1037
b4401,b1008
b0413,b2234
b2157,b3910
b3357,b4264
b3067,b3329
b3067,b1684
b3357,b2804
b0145,b3339
b3357,b2239
b1040,b1070
b3461,b4174
b1221,b3477
b3357,b3223
b4113,b2256
b3010,b3363
b1328,b1326
b3067,b1166
b3067,b4043
b2808,b2808
b3934,b3934
b4479,b3691
b3357,b2783
b4178,b0115
b1399,b1396
b3418,b3416
b2741,b0973
b3067,b4037
b0683,b4062
b3461,b3292
b4133,b4133
b0330,b0335
b1334,b1474
b0399,b3515
b1320,b3911
b3296,b3297
b4401,b0313
b0566,b0929
b1303,b1303
b0900,b1754
b3357,b3925
b3067,b2366
b3357,b0034
b1334,b3725
b4401,b2283
b0145,b3637
b3357,b3092
b0294,b1921
b3357,b1302
b3357,b4174
b4401,b0976
b1988,b3552
b3202,b3461
b3357,b1511
b3357,b0440
b3067,b1600
b3255,b3255
b3067,b2893
b4327,b4288
b2741,b1483
b4401,b1612
b1399,b1390
b3067,b1748
b3067,b0113
b1512,b1511
b4062,b0762
b1642,b4292
b0683,b2674
b3067,b0902
b2157,b1193
b3357,b2761
b3067,b2435
b4004,b3283
b1187,b4018
b3357,b2241
b3067,b0032
b0399,b4102
b3067,b0677
b3067,b2216
b3872,b3872
b3461,b1838
b3961,b3829
b3357,b1420
b3067,b3867
b1988,b2149
b3067,b3431
b3067,b2115
b3067,b3083
b4401,b3783
b3261,b3556
b3912,b3461
b1988,b3717
b2157,b0077
b0145,b4721
b3067,b2307
b1275,b2291
b3461,b0026
b3067,b1901
b1988,b3442
b0889,b4383
b4063,b3207
b0345,b0342
b4401,b0698
b3067,b1062
b1988,b2537
b1508,b2784
b3067,b0197
b3202,b1988
b0889,b3179
b3357,b3581
b3067,b1804
b3357,b0907
b2573,b1643
b2741,b2926
b4043,b0232
b0487,b0484
b0399,b3615
b0399,b1384
b0357,b0356
b3010,b4241
b4327,b0734
b1531,b1852
b1334,b0783
b3025,b1891
b3094,b4323
b3521,b3555
b3067,b1781
b1988,b1981
b1531,b0851
b4396,b0762
b1988,b3995
b3202,b1487
b1013,b1006
b0683,b3005
b3357,b2803
b0889,b3439
b3202,b2484
b1284,b0906
b1334,b1884
b3067,b3138
b0464,b0463
b1531,b0463
b4062,b3625
b3405,b1039
b3357,b1891
b2127,b3183
b1221,b0997
b2157,b4129
b4178,b3791
b0889,b0190
b1434,b1920
b3357,b2571
b0889,b2913
b3067,b3172
b3067,b3260
b1988,b3712
b1988,b3267
b1649,b1650
b2573,b2495
b1988,b3457
b3067,b1944
b0683,b0592
b4398,b3034
b2427,b2427
b3884,b2241
b4401,b2288
b3202,b3481
b3261,b3846
b1284,b4367
b3067,b4314
b1658,b1849
b3357,b0330
b2731,b2490
b3357,b0118
b3461,b4399
b3237,b2307
b3067,b4019
b1334,b0451
b4178,b3787
b3711,b1418
b3067,b2312
b3067,b3514
b3067,b2215
b0064,b0064
b3067,b0652
b1320,b3783
b3604,b3605
b3067,b4384
b4178,b1718
b3461,b1326
b3067,b0076
b3261,b2284
b4401,b2095
b1988,b0888
b1320,b1676
b1988,b3074
b4396,b0852
b3461,b4170
b4178,b1714
b3357,b4194
b3067,b2685
b4043,b2115
b1618,b1616
b3067,b1469
b2573,b3581
b2193,b0974
b3067,b3339
b3067,b3197
b1988,b1096
b3067,b4151
b4046,b1973
b3067,b0951
b1659,b1521
b3025,b4316
b0683,b4288
b0683,b1973
b3067,b4477
b1334,b0430
b3237,b0861
b3067,b4193
b1221,b0904
b2741,b0159
b1221,b2200
b3067,b1061
b1334,b1883
b4118,b4118
b0080,b2926
b1988,b3175
b3067,b0070
b1988,b4078
b2398,b3637
b2916,b3433
b1320,b2310
b4178,b2730
b1642,b3333
b4401,b0724
b1275,b0602
b3357,b2840
b2217,b1492
b3357,b3934
b3357,b4175
b0889,b1987
b3067,b2604
b3067,b2415
b3237,b1745
b0081,b0084
b3067,b0827
b3067,b3451
b1531,b0950
b1334,b3365
b3984,b3986
b3131,b3131
b3067,b2803
b3067,b3450
b1922,b1944
b4398,b4033
b1334,b0002
b3481,b3481
b2741,b3038
b0034,b0042
b1221,b0972
b2741,b3726
b4327,b3940
b1334,b3118
b1988,b3890
b3357,b0683
b0676,b1737
b3067,b3967
b0889,b1054
b0694,b0698
b3067,b3222
b3357,b0411
b1477,b4355
b1988,b3894
b4178,b4071
b1531,b3191
b1334,b2920
b3261,b4070
b1988,b1675
b3094,b3093
b1922,b1926
b3067,b4239
b3067,b1946
b1642,b3327
b3912,b2076
b1988,b3942
b2669,b2754
b3261,b1225
b1040,b1039
b0145,b3184
b2399,b4296
b1988,b0898
b1642,b2759
b2741,b1584
b4396,b4396
b1531,b0167
b3067,b4013
b1334,b3481
b1988,b1446
b1922,b1942
b1988,b4376
b3067,b1225
b1922,b1890
b3357,b2096
b0145,b0142
b3067,b1848
b3067,b4096
b4178,b1796
b3067,b0028
b3067,b0089
b3357,b1892
b1512,b1518
b2531,b2530
b1696,b3175
b1187,b3255
b4396,b0168
b1988,b2016
b3872,b3170
b3010,b1854
b1334,b0933
b3912,b1041
b1988,b0138
b3067,b1939
b3261,b2783
b3569,b3565
b1221,b2202
b2369,b2085
b3357,b4266
b0889,b3427
b3067,b3868
b3067,b1821
b1334,b4151
b3067,b1434
b0399,b4093
b3067,b2113
b0683,b3127
b3067,b1981
b3067,b4031
b3461,b0059
b0435,b3250
b3067,b0232
b2573,b3657
b3067,b4054
b1275,b0365
b3711,b1213
b3357,b2417
b3461,b3293
b1988,b1161
b0761,b2719
b4178,b2729
b1130,b1010
b3067,b3579
b1284,b2463
b2741,b3430
b3067,b0514
b3067,b4005
b2741,b3512
b2696,b3049
b3067,b4237
b3067,b4102
b3067,b3809
b0399,b2465
b3067,b1805
b2398,b1494
b3067,b1500
b1988,b3857
b3261,b2276
b1334,b3477
b4324,b4321
b3237,b2471
b1531,b0462
b1320,b1276
b2157,b3902
b4401,b1109
b0506,b0505
b3357,b2242
b1988,b3214
b3202,b2223
b3067,b3528
b1988,b4075
b3357,b1900
b4178,b2559
b1988,b0511
b3905,b3907
b2105,b2107
b1922,b1950
b0846,b1040
b1334,b0037
b3357,b4671
b3461,b0218
b3067,b3461
b3461,b3621
b0889,b3744
b3067,b2504
b3067,b2276
b2741,b0729
b3711,b0732
b1853,b1853
b1988,b1583
b3067,b3621
b4401,b3605
b1988,b3744
b2531,b1684
b3067,b1593
b3461,b3687
b1659,b1499
b3357,b4304
b0464,b4062
b3067,b3184
b0817,b0812
b1450,b3995
b3357,b4305
b3067,b0998
b1334,b3544
b3357,b2964
b1334,b3116
b4264,b4268
b1334,b3214
b2741,b3612
b3067,b0199
b2398,b0422
b3202,b2729
b3912,b2077
b3067,b0342
b1284,b0419
b2741,b3035
b2193,b1501
b2573,b1806
b3357,b3170
b1620,b1621
b1334,b3410
b1508,b1508
b1988,b1544
b1334,b0039
b1988,b4248
b4178,b2725
b3067,b2132
b3118,b3117
b3319,b3316
b3711,b1033
b3357,b3588
b3261,b2507
b1130,b0557
b3067,b1649
b3938,b0606
b2741,b0865
b0889,b4090
b1275,b2425
b2577,b1201
b1659,b2956
b0571,b0573
b4043,b3813
b3341,b3339
b3357,b3579
b3067,b2153
b1221,b4122
b0399,b0575
b1988,b2602
b1221,b1227
b3306,b3310
b1013,b0032
b2696,b1021
b3067,b3670
b3067,b0112
b1988,b1692
b3405,b4032
b1284,b0822
b0889,b2904
b1642,b3325
b3261,b3368
b2105,b2106
b4401,b3312
b2399,b0047
b3067,b2750
b2573,b0178
b3067,b0460
b3067,b2217
b1334,b0114
b3067,b0631
b3067,b0397
b2157,b1441
b3067,b0918
b3405,b2215
b3755,b2142
b3773,b3773
b3067,b2535
b3202,b1891
b1221,b4139
b3067,b0422
b3067,b3510
b3067,b0862
b0145,b3310
b1320,b1313
b3357,b4003
b3067,b3076
b1221,b4040
b1531,b0852
b3067,b2369
b3067,b2670
b4401,b0114
b2193,b2711
b1988,b1202
b3357,b3451
b0676,b0678
b0889,b4318
b0113,b0115
b1531,b3509
b3261,b3170
b3357,b3357
b2531,b1706
b3067,b0054
b3202,b1783
b4264,b3437
b3604,b3603
b0080,b4016
b1499,b0978
b0145,b3321
b4401,b4058
b0683,b0929
b0683,b4289
b0113,b4291
b0761,b2196
b3711,b4323
b1334,b3746
b3357,b1514
b1531,b2509
b3711,b4187
b1221,b1587
b0683,b3332
b0069,b0068
b2573,b0050
b3067,b2278
b2193,b0873
b3067,b2937
b0889,b4314
b2696,b0834
b2741,b3727
b3405,b0692
b1608,b1597
b0889,b0437
b1659,b3190
b0506,b0513
b3461,b4298
b1659,b1200
b1221,b0827
b3067,b2529
b4401,b3820
b3075,b3077
b3067,b2425
b3973,b0776
b1988,b3043
b1921,b1892
b1922,b1882
b1988,b3406
b0889,b0752
b3237,b2313
b3067,b1211
b3067,b1926
b4178,b1655
b1526,b4024
b1988,b1538
b3067,b0826
b0399,b0399
b3067,b4567
b3067,b4175
b0889,b2288
b0546,b2426
b2573,b3190
b1284,b1407
b3357,b3750
b3067,b0698
b3067,b2405
b1988,b4257
b4043,b0090
b0399,b4115
b1988,b0726
b4401,b1324
b3711,b4182
b0076,b2757
b2399,b2945
b3067,b3294
b3067,b0974
b3711,b1111
b3067,b0082
b3711,b2482
b3357,b0931
b3067,b3259
b3067,b3359
b3067,b3506
b1477,b3467
b1477,b1477
b0889,b4131
b1988,b3842
b2696,b1023
b4172,b1817
b1988,b1857
b0080,b0313
b3461,b3414
b3461,b0660
b1299,b1299
b3067,b1213
b4063,b4062
b2398,b0039
b0504,b0516
b1334,b2202
b1642,b4300
b3067,b3929
b0683,b1679
b3405,b1469
b3357,b4479
b3067,b4028
b3296,b3296
b2741,b1284
b3067,b2526
b3357,b4119
b0889,b0863
b1284,b0572
b1988,b2405
b3067,b0863
b3357,b3748
b3067,b0596
b1916,b0094
b1221,b2710
b2125,b1038
b0846,b1163
b3067,b4150
b2741,b4189
b3067,b0315
b0889,b4139
b4396,b0462
b1299,b1296
b3067,b4085
b1334,b3092
b2741,b0812
b3357,b3752
b1221,b0976
b1334,b3540
b4004,b4004
b3067,b0077
b4396,b0851
b3711,b3391
b1334,b3311
b2741,b3212
b0069,b0067
b2741,b0912
b3067,b2068
b3261,b3965
b0034,b0039
b1477,b2824
b3711,b2732
b3461,b0012
b3711,b4077
b1988,b0315
b3585,b3715
b4178,b2722
b2741,b1042
b3261,b4032
b3067,b0346
b3357,b3213
b3067,b1741
b3357,b2091
b3202,b3521
b2577,b3710
b2399,b1784
b3067,b0572
b0020,b1023
b3067,b1716
b3711,b0438
b0081,b0088
b0683,b3329
b1013,b3516
b3202,b0654
b3319,b3708
b3067,b4095
b2741,b0233
b1439,b3645
b0889,b0914
b1334,b3071
b4401,b4467
b2741,b3045
b1320,b0766
b1988,b3335
b2741,b3555
b3067,b2282
b4113,b3026
b0080,b0114
b1531,b0853
b3067,b3418
b1356,b1359
b3357,b0880
b3357,b2415
b3237,b4246
b3067,b0430
b2398,b2176
b3261,b3230
b0113,b0430
b0761,b2206
b1130,b1608
b2573,b2572
b3461,b3400
b3711,b4036
b0145,b2024
b0761,b1246
b3261,b4071
b0080,b0113
b3067,b3938
b0889,b1242
b0435,b3249
b2398,b0317
b4498,b2094
b1531,b0871
b4062,b1276
b0145,b3313
b1570,b1568
b3711,b0759
b0483,b0346
b1221,b2198
b2573,b3339
b0313,b0314
b0995,b3509
b4401,b0729
b3067,b4072
b3357,b0616
b3067,b1286
b0889,b3304
b2741,b1298
b0113,b2979
b2573,b3576
b1526,b3879
b0889,b2905
b2127,b1038
b1921,b1041
b3357,b4382
b3067,b2156
b3067,b1743
b3067,b1578
b1334,b4471
b3067,b0886
b3067,b1546
b1439,b2975
b3067,b1941
b0145,b2606
b2741,b0186
b3067,b0584
b1334,b4039
b3067,b3540
b3912,b0179
b2398,b2993
b0483,b0961
b1922,b4355
b3067,b0884
b3418,b4035
b1299,b1301
b3461,b3401
b4260,b0032
b2741,b1480
b2741,b0140
b2741,b1854
b2217,b1481
b0683,b2675
b1988,b2194
b3067,b1603
b3357,b2166
b3934,b0411
b3961,b4321
b3067,b2105
b0080,b0430
b2193,b1475
b2163,b2163
b3261,b2287
b3357,b2903
b3067,b1334
b3357,b1393
b3067,b2017
b0683,b0724
b3067,b2024
b3357,b2481
b4401,b2993
b4401,b0821
b1334,b0894
b2399,b2134
b1531,b1611
b3357,b3927
b0889,b4140
b3067,b1679
b0761,b2197
b3067,b2414
b3461,b2893
b0399,b3724
b3067,b1681
b3067,b3738
b2669,b2759
b3512,b1923
b3067,b3925
b3067,b2400
b0080,b2416
b1642,b3324
b2741,b3745
b3202,b2717
b2573,b0304
b2731,b2726
b4401,b0038
b2573,b0377
b2573,b3056
b2696,b0833
b3067,b3791
b3961,b1683
b1988,b2794
b3067,b0765
b2573,b1112
b1642,b1390
b1303,b1305
b1988,b1546
b2741,b3514
b3067,b1048
b0889,b0762
b3261,b4067
b3067,b2801
b3961,b0853
b2399,b0639
b3357,b2663
b3405,b1677
b3067,b3205
b1013,b1009
b3516,b3506
b3067,b4467
b0889,b2961
b1221,b3481
b2741,b4587
b3405,b4132
b4401,b3995
b2157,b3144
b3202,b3673
b4401,b2581
b4401,b4015
b3067,b1680
b0208,b4342
b3461,b1380
b3067,b1205
b2157,b1810
b2364,b2366
b3067,b4483
b2491,b2491
b1658,b2905
b3067,b0852
b3067,b0973
b1531,b0342
b2741,b3613
b0483,b1628
b3405,b1037
b2193,b2710
b2193,b2202
b0064,b3564
b3357,b4197
b3461,b2597
b3067,b0034
b3357,b1396
b4062,b1973
b3067,b4280
b3341,b3341
b3067,b4382
b3961,b0871
b3067,b2095
b3067,b3324
b0889,b0577
b1988,b1025
b3067,b2323
b1434,b3607
b2213,b2212
b4260,b4260
b3237,b3167
b0080,b2925
b3261,b2243
b3067,b4397
b3237,b0839
b2573,b4216
b0889,b1613
b3067,b2904
b3131,b3133
b3067,b3513
b3067,b1013
b0683,b1658
b2669,b4032
b0889,b2924
b0889,b3162
b3067,b3011
b3357,b0721
b4401,b3516
b0145,b0067
b3357,b0145
b1922,b1885
b3912,b3860
b2741,b1519
b2398,b1738
b0145,b3308
b3165,b3165
b1988,b0537
b3067,b1916
b1594,b2417
b0761,b2204
b1040,b0237
b1988,b2538
b3357,b2572
b0889,b1428
b1531,b3624
b3357,b4036
b0571,b0432
b0676,b3409
b1988,b4501
b3461,b1780
b3067,b0151
b1988,b4289
b4401,b0035
b3357,b2614
b0683,b0755
b3405,b0929
b1922,b1566
b3067,b1728
b2741,b2369
b1922,b2826
b3067,b1093
b0889,b2442
b3357,b3367
b0113,b0432
b1187,b3846
b4178,b2143
b3357,b3564
b1659,b3363
b2573,b3095
b1988,b3996
b0208,b0208
b0676,b1817
b3461,b2560
b3357,b3415
b4401,b2096
b3067,b4721
b4178,b1680
b3438,b3437
b1499,b0976
b1334,b2711
b4063,b4063
b3516,b3516
b3912,b0180
b4401,b1611
b3131,b3136
b2707,b2702
b1988,b0380
b0399,b4094
b3067,b2427
b1323,b2601
b2714,b0330
b1988,b0209
b1988,b1603
b1334,b2367
b4063,b1611
b1275,b2763
b1130,b1130
b3067,b1392
b3357,b3566
b0889,b3655
b1334,b1256
b1040,b1043
b1477,b2218
b3938,b3008
b0620,b3093
b0846,b0844
b0889,b3572
b3067,b1042
b3357,b2802
b2741,b1274
b0080,b0312
b1531,b3506
b2916,b2923
b2696,b4326
b0399,b4099
b4043,b3822
b1988,b1967
b1221,b0895
b3261,b3723
b3357,b4299
b0889,b4488
b3405,b4131
b1988,b3821
b3357,b1819
b3261,b4069
b1988,b2821
b2684,b2685
b2491,b2490
b0145,b3294
b3202,b2470
b3357,b3576
b1320,b3023
b3357,b2757
b3357,b3115
b2217,b0892
b1499,b3506
b0113,b0116
b0620,b3236
b2669,b4033
b3067,b3905
b3067,b1704
b3067,b3428
b0889,b3203
b1988,b2631
b3357,b0335
b1531,b1530
b3067,b1132
b3067,b4201
b0080,b2169
b1988,b0473
b4324,b4324
b3461,b0417
b3067,b0853
b3067,b0428
b3067,b0523
b0483,b0042
b3067,b0564
b3261,b1241
b4062,b4025
b4401,b1136
b1284,b2701
b1988,b3720
b3884,b1453
b4396,b3908
b4398,b4034
b4401,b0728
b1334,b0040
b3067,b3181
b3261,b2277
b4004,b4402
b2537,b2540
b0145,b3065
b0080,b0429
b3067,b3198
b4401,b1607
b1988,b2734
b2573,b2511
b1988,b4465
b3067,b2783
b3680,b3170
b1221,b2995
b0889,b3418
b1988,b3829
b2741,b2446
b3961,b1973
b1988,b2203
b4113,b0460
b1221,b2991
b4113,b2255
b1594,b1101
b4043,b2009
b0145,b3340
b0761,b0784
b1334,b1904
b3828,b2551
b4124,b0620
b3261,b2148
b3067,b1499
b2741,b2150
b0889,b0742
b3357,b3091
b0464,b1891
b3357,b2093
b1284,b0258
b0889,b1133
b2193,b4070
b4046,b1178
b3357,b1513
b2741,b2573
b1988,b3648
b1659,b3547
b3067,b3671
b1988,b1969
b0020,b0020
b2573,b0051
b3067,b0570
b2573,b3527
b3067,b3388
b1334,b2731
b4398,b3032
b3357,b0344
b0113,b0460
b1642,b3331
b3357,b2905
b3405,b1468
b4062,b1611
b1334,b2206
b2741,b1967
b3067,b0087
b1642,b4336
b3461,b4299
b1162,b1167
b3067,b3880
b3067,b0144
b3067,b3170
b3067,b3162
b4062,b0166
b0683,b3070
b2157,b0065
b3025,b1892
b1334,b4122
b0464,b1530
b2398,b3609
b3067,b4197
b3461,b3931
b0846,b0846
b3067,b0390
b3067,b3296
b1221,b1588
b4178,b3790
b3067,b4138
b0683,b0152
b3067,b0896
b3357,b3423
b1334,b2243
b1988,b3785
b3357,b1421
b1334,b2730
b3067,b0957
b2398,b3703
b0399,b0383
b3067,b4326
b1988,b1593
b1642,b3334
b0080,b0118
b2157,b3890
b3067,b0679
b0889,b2225
b0399,b4098
b2696,b0020
b1921,b1493
b1988,b4207
b1988,b1696
b3067,b0911
b3067,b3166
b4401,b3318
b4401,b1012
b0145,b2571
b3067,b0116
b3067,b3125
b0889,b3527
b3357,b2707
b1642,b3326
b0683,b0430
b4398,b2296
b2398,b0239
b0399,b3453
b1922,b1886
b0399,b4095
b3346,b1381
b2741,b2779
b2741,b2663
b3067,b4076
b2741,b0020
b0145,b3315
b3357,b2597
b3753,b3753
b3067,b3438
b1320,b3829
b2741,b1443
b3261,b3222
b1988,b4288
b2741,b0139
b1439,b3243
b1988,b2985
b3202,b2485
b3711,b4315
b3405,b1892
b2731,b2723
b1221,b2201
b0683,b0584
b3067,b1938
b4401,b1256
b3711,b3145
b4293,b4289
b4118,b4119
b3067,b0153
b3067,b0734
b1334,b0429
b1988,b1589
b1299,b1298
b3067,b2477
b4116,b1492
b3357,b0348
b3884,b3320
b3202,b0809
b0889,b4317
b3711,b2822
b2573,b0054
b3067,b4098
b1988,b1761
b3067,b1160
b1988,b3186
b3938,b2153
b3067,b3785
b1853,b2175
b1284,b0808
b3067,b3744
b3237,b0874
b3357,b0429
b3461,b2641
b3067,b0722
b3357,b0584
b1221,b0977
b3067,b1761
b2573,b3201
b1988,b3826
b0064,b1498
b1988,b1377
b3961,b0850
b4393,b1263
b0399,b0929
b3067,b4059
b1988,b2824
b1659,b0591
b1659,b1241
b1659,b3556
b3828,b2552
b4401,b2342
b2741,b0975
b3067,b3771
b3067,b1095
b3711,b1896
b2157,b4260
b2707,b2703
b0145,b3304
b2079,b2078
b0162,b3125
b3067,b0434
b2399,b3808
b1922,b4109
b1922,b2824
b0889,b3510
b3261,b3367
b3067,b3164
b3711,b3205
b1221,b1501
b2741,b1164
b3906,b3905
b1334,b0113
b3912,b0461
b0761,b2199
b3067,b0796
b3067,b3413
b3357,b3430
b2741,b3515
b1130,b3512
b2573,b1707
b3067,b0775
b3261,b3600
b3067,b0273
b3357,b1531
b3067,b4376
b1988,b3446
b1221,b2997
b0683,b1109
b3237,b1746
b1530,b1530
b3461,b4175
b0676,b3729
b3711,b2784
b1334,b2903
b1531,b0166
b3067,b3859
b4062,b3028
b1608,b1040
b0889,b4154
b0683,b0595
b3261,b1492
b3711,b4145
b2573,b1644
b0076,b3721
b3405,b1480
b1328,b4525
b1988,b3500
b3516,b1237
b4401,b2286
b2837,b2151
b3461,b0473
b3067,b0043
b1334,b4072
b1988,b1200
b1853,b2509
b3461,b4258
b4479,b3693
b2573,b0301
b1499,b1500
b3461,b3498
b0145,b3311
b0889,b4143
b2741,b0871
b3357,b1735
b1334,b2029
b3067,b0194
b4498,b2091
b3961,b0851
b4498,b2096
b2217,b3508
b2399,b1233
b3261,b3701
b1969,b0572
b3261,b2283
b2741,b3517
b4398,b3652
b1735,b1733
b1284,b3378
b3067,b3733
b3067,b1037
b2741,b4111
b2741,b1746
b3067,b3578
b2125,b1042
b0113,b4468
b3067,b3389
b3067,b0696
b1130,b4006
b3461,b0630
b0761,b2725
b3357,b3076
b3905,b3904
b3067,b1040
b1013,b1011
b3512,b3509
b3067,b4260
b0399,b2916
b2193,b3365
b2669,b2760
b0683,b0587
b2741,b4153
b0064,b2841
b3067,b3322
b3067,b2705
b1921,b4045
b1988,b4129
b1969,b0431
b0145,b3986
b4401,b2996
b3067,b1863
b3202,b2406
b2741,b2429
b1988,b2838
b4401,b2287
b3237,b3164
b2741,b2665
b1642,b4302
b1221,b2204
b2980,b2979
b2491,b2492
b2193,b2205
b2741,b1473
b4043,b1861
b2531,b2204
b2573,b2617
b3067,b2365
b4401,b3315
b4178,b2726
b4401,b0118
b2783,b2783
b1284,b0544
b3461,b4115
b3067,b0084
b0113,b0094
b3067,b0344
b1284,b0894
b1334,b1674
b0889,b2298
b1334,b2481
b3357,b0345
b3357,b3666
b3357,b0765
b2217,b2573
b1320,b0731
b0080,b3600
b3067,b0975
b0399,b0397
b3461,b4140
b4062,b1530
b1921,b3512
b3021,b3022
b3357,b0430
b0900,b2580
b2916,b2235
b1988,b3055
b1334,b0043
b1334,b3368
b2741,b2074
b3743,b3743
b3067,b1945
b2369,b1500
b2916,b0166
b3357,b3904
b0889,b2912
b3010,b3342
b1922,b0246
b3067,b3213
b3357,b2716
b3067,b4476
b2667,b1908
b2157,b2157
b1988,b1201
b3067,b2616
b3237,b0854
b3202,b0854
b3226,b3221
b1922,b1884
b3202,b2572
b3261,b4384
b3067,b3453
b2537,b2542
b3938,b0198
b4327,b0198
b1988,b2535
b1922,b1082
b0080,b2168
b2537,b2539
b3357,b0044
b1988,b4014
b3067,b0085
b0447,b3110
b4401,b3512
b1221,b2992
b2741,b3588
b2573,b3067
b1334,b1223
b1658,b2938
b2741,b2406
b1658,b4005
b3067,b3617
b1320,b3368
b0069,b0069
b1988,b3027
b1988,b0557
b1988,b2667
b1334,b0903
b1988,b1915
b3357,b2942
b3067,b3416
b3067,b4071
b1988,b2913
b3261,b3260
b0683,b4287
b3912,b1530
b0483,b3144
b0069,b0070
b3357,b4288
b0683,b1102
b4043,b4347
b0399,b3449
b3067,b0585
b3067,b1567
b1988,b4410
b3961,b0812
b2741,b3701
b2573,b3200
b1508,b2783
b3405,b0814
b1988,b0768
b3067,b2500
b3202,b0652
b3261,b0896
b3237,b0863
b3067,b1746
b2017,b4539
b2125,b1823
b3067,b3214
b3094,b4357
b3067,b4367
b3357,b2957
b0064,b0062
b0571,b0571
b3461,b0437
b0145,b3186
b3261,b1531
b1531,b4396
b1531,b0168
b1642,b1642
b0145,b3649
b2369,b2371
b1040,b0964
b3516,b0674
b1221,b0887
b3067,b4725
b3067,b4063
b2741,b0977
b0346,b0350
b1334,b2198
b3202,b0335
b1334,b3515
b3067,b3773
b1988,b3551
b3202,b4079
b2127,b1040
b1275,b1166
b1608,b0929
b2193,b2196
b1988,b3858
b0620,b0619
b1334,b2450
b1334,b4062
b4178,b3786
b2573,b2340
b2369,b2367
b0676,b1497
b3357,b0618
b4178,b0871
b2696,b0784
b1284,b2340
b3516,b0485
b3067,b4347
b3067,b1163
b3237,b3960
b3067,b1000
b0761,b2208
b3060,b3062
b0889,b4045
b3067,b1204
b0683,b2107
b3067,b0757
b3067,b3469
b2573,b0691
b3067,b4094
b3067,b2556
b1130,b1826
b1334,b2242
b1499,b3507
b1988,b2682
b3711,b0383
b3405,b1466
b1334,b3611
b3237,b4254
b0683,b3908
b1658,b2507
b3067,b3321
b3202,b1745
b3067,b3387
b3067,b3583
b3237,b2309
b2741,b3511
b3569,b4031
b1608,b1039
b1988,b3523
b3067,b0978
b2151,b0758
b2573,b1466
b4365,b2215
b3702,b2616
b3067,b1569
b1334,b2490
b0683,b1905
b1040,b1921
b3481,b3477
b3912,b1887
b3357,b0189
b3961,b3518
b0683,b4293
b3711,b3418
b3202,b0811
b1284,b3397
b3261,b1797
b1334,b1671
b2157,b3614
b3067,b4258
b3162,b1916
b1988,b2795
b2151,b0759
b4324,b1616
b3067,b2964
b3357,b2760
b1499,b3515
b1439,b3656
b3067,b0996
b3585,b3212
b1221,b1225
b1439,b4296
b3357,b1521
b0399,b3450
b1988,b2295
b0305,b0304
b3237,b0033
b2741,b1723
b4401,b0734
b1969,b0574
b3461,b1281
b3067,b0755
b0483,b3241
b0080,b0333
b3743,b3744
b3357,b4478
b3067,b0979
b3067,b3741
b1221,b4075
b1988,b2771
b4062,b1531
b0889,b1849
b3067,b0509
b0683,b0726
b1334,b3314
b4113,b2253
b3912,b1113
b1642,b4304
b1187,b3256
b3067,b3410
b0889,b4014
b3405,b1634
b1040,b1943
b3405,b1891
b3461,b2954
b1422,b0720
b1988,b2392
b1499,b0020
b1221,b4074
b1988,b0382
b3306,b3304
b2573,b3202
b2398,b3187
b1221,b0871
b3261,b4074
b3067,b3628
b4401,b3517
b3067,b3725
b1922,b4083
b0113,b4289
b2217,b1480
b3912,b4392
b0889,b0238
b3067,b3199
b0034,b0038
b3067,b2479
b3067,b1865
b3912,b2571
b3237,b3172
b3461,b0416
b3973,b0778
b1334,b4071
b3067,b3737
b1735,b1738
b3067,b3404
b1642,b3332
b4401,b1101
b3067,b4129
b3067,b1390
b2741,b1661
b0683,b1680
b2741,b0019
b4043,b1061
b0676,b1501
b0162,b3124
b3357,b0727
b3963,b2323
b3357,b1734
b3067,b0126
b1221,b4123
b1988,b3716
b3202,b2722
b3405,b0113
b4043,b0226
b1334,b2195
b3512,b0432
b3067,b3691
b3461,b3622
b3515,b1493
b3067,b3249
b0145,b1712
b1988,b0076
b2669,b3723
b1988,b0524
b1221,b2207
b2741,b2077
b4393,b3161
b1284,b1025
b2731,b2725
b3357,b4460
b1988,b3170
b4124,b4153
b3963,b0954
b1334,b0116
b3067,b3535
b2741,b3746
b3067,b4196
b3357,b4322
b3202,b4742
b4062,b1256
b3067,b1255
b3067,b4200
b3067,b0343
b3067,b3062
b0683,b0728
b0145,b3302
b2741,b1515
b1221,b2281
b4089,b4085
b1323,b3161
b3067,b2060
b3067,b4558
b4178,b1683
b1658,b0523
b2157,b2764
b3067,b1075
b3961,b4567
b1531,b1531
b3461,b0027
b3711,b4183
b2151,b0757
b4089,b4087
b1988,b3522
b2741,b0974
b3405,b0221
b4043,b1728
b1275,b1810
b1477,b0641
b1988,b3544
b3067,b1396
b0546,b1521
b3461,b2296
b1988,b1441
b1334,b3230
b1334,b1670
b2573,b3922
b3357,b1818
b2741,b1646
b3067,b2155
b0571,b0570
b2741,b1673
b1221,b2996
b1334,b4209
b3010,b0103
b1334,b1109
b0571,b0574
b3357,b1737
b3025,b4317
b2157,b1124
b3067,b2083
b1988,b3649
b3067,b3866
b4324,b3094
b3711,b2539
b3067,b2995
b1608,b1038
b1988,b4001
b0483,b0516
b1531,b0447
b1334,b3317
b1988,b3212
b1320,b0459
b3067,b4240
b0817,b2392
b1323,b0048
b3010,b3093
b3067,b0945
b3067,b0114
b1040,b3156
b1531,b1276
b3067,b3836
b4401,b0733
b3202,b1483
b0080,b3612
b1988,b2875
b0889,b0416
b1987,b0368
b1422,b1363
b2741,b3213
b3357,b2231
b3261,b4073
b3067,b2840
b0889,b0287
b2217,b1482
b1334,b2606
b3357,b3565
b0113,b0081
b3067,b2699
b1284,b2448
b2741,b1199
b0840,b4384
b3261,b1796
b1988,b2201
b4393,b4393
b2741,b2679
b3010,b3010
b4401,b0978
b0840,b4383
b3067,b0892
b0889,b3786
b4401,b0979
b1334,b0826
b3264,b0462
b3202,b1305
b3067,b2281
b3357,b3133
b3105,b3101
b0080,b3614
b3067,b1940
b3202,b3269
b3067,b0721
b1221,b0973
b3067,b0002
b4396,b0578
b1439,b2373
b1187,b1093
b0761,b2201
b0889,b3769
b2741,b3494
b3067,b1816
b3711,b3514
b3067,b2375
b2573,b3712
b1320,b2538
b3512,b1951
b2741,b0157
b3067,b3330
b4393,b1704
b3357,b2573
b1988,b3765
b0889,b3673
b0145,b0382
b3067,b3629
b3067,b1184
b3067,b3186
b1130,b3510
b3067,b1862
b3711,b1448
b0076,b2754
b1922,b1937
b1334,b0621
b3319,b3315
b3357,b3049
b1334,b2279
b0889,b4319
b3202,b3800
b2217,b1283
b3067,b1532
b0889,b2163
b2731,b4079
b3067,b3769
b3357,b1617
b3067,b0226
b0399,b0400
b1922,b1208
b4401,b2980
b3357,b0431
b4401,b1245
b1988,b2371
b3067,b0976
b3357,b3224
b3067,b1043
b3357,b0651
b2667,b3800
b0889,b2317
b3067,b3838
b1334,b3542
b3202,b2731
b3067,b2287
b3226,b3223
b0145,b4326
b1608,b1225
b3067,b2424
b1790,b1791
b3357,b1101
b1988,b3513
b3067,b2478
b3357,b4383
b3067,b3907
b2669,b0076
b2369,b2470
b0483,b2574
b1988,b3495
b0900,b1824
b1334,b4079
b1922,b1742
b3261,b2282
b2079,b2076
b3067,b0778
b0413,b2235
b3357,b3418
b0889,b1190
b2017,b2017
b0676,b2417
b3067,b3414
b3067,b0595
b3357,b1276
b2808,b2904
b1284,b2360
b3405,b4034
b3094,b3094
b2398,b0787
b3357,b3425
b3067,b1597
b3461,b2416
b2217,b3511
b3067,b2679
b1642,b1397
b1988,b3558
b3067,b1536
b0483,b1129
b1334,b3313
b1221,b3367
b1988,b1283
b3067,b3169
b3357,b4376
b4498,b2095
b3067,b0726
b3067,b4224
b3357,b0038
b3067,b3137
b4116,b4117
b3067,b0954
b3067,b1113
b0483,b0084
b0080,b3919
b1334,b1211
b3934,b4382
b3912,b2573
b2398,b1216
b3067,b0124
b1988,b0475
b1988,b1295
b1334,b0935
b3753,b3752
b3357,b3260
b0683,b1852
b3067,b0934
b1853,b3828
b0768,b3878
b4365,b1892
b2573,b2893
b2217,b3516
b1988,b2800
b0546,b2448
b0889,b1116
b4401,b1007
b3067,b1482
b3357,b3118
b3067,b0417
b1988,b4169
b3067,b4511
b0889,b0628
b0272,b0269
b1658,b2500
b3067,b3135
b0995,b0996
b2731,b2717
b3067,b4147
b3461,b1323
b4116,b3517
b3067,b0730
b0346,b0348
b2399,b2579
b3067,b3357
b3357,b1298
b1422,b1634
b3357,b0615
b4178,b1920
b3067,b3582
b3067,b2821
b1334,b0728
b2157,b4385
b1334,b0115
b0413,b2236
b2399,b0287
b2573,b3181
b1320,b4233
b3094,b3092
b0889,b4320
b0145,b3319
b3010,b0081
b3067,b2707
b3461,b4280
b2741,b0951
b0081,b0083
b0113,b0089
b3501,b3503
b4401,b2285
b3067,b0092
b3512,b0431
b1334,b0042
b3261,b1493
b2706,b2702
b4396,b1530
b0113,b0086
b3067,b0779
b1334,b2368
b1531,b3035
b3357,b3461
b4043,b2819
b0676,b2461
b0294,b1923
b3067,b2022
b3067,b1824
b3067,b2742
b3021,b1040
b0145,b3297
b3912,b3911
b3357,b0040
b2741,b3724
b1922,b0763
b3067,b0411
b3357,b3426
b1988,b2419
b3515,b1492
b0080,b1676
b3067,b3204
b0080,b0115
b1988,b1932
b3261,b1566
b0338,b0341
b3094,b4324
b0676,b1818
b3067,b3094
b2399,b3432
b3067,b4202
b4401,b0953
b3067,b4100
b3357,b3356
b0846,b1597
b0683,b2673
b3067,b4460
b1334,b2580
b3357,b2799
b1499,b1499
b0889,b2670
b0889,b0306
b3067,b4058
b0683,b1892
b2741,b3395
b1988,b4204
b3067,b3822
b3357,b3414
b3405,b0964
b4401,b0311
b2837,b2148
b4401,b1297
b3067,b0441
b2837,b2149
b3067,b1203
b3438,b1850
b3067,b0720
b1334,b3417
b3067,b3812
b3755,b4116
b3067,b2061
b4043,b1183
b1334,b3231
b3237,b1747
b4018,b4018
b3067,b3603
b3357,b3905
b3481,b3479
b3357,b3582
b1499,b0975
b0889,b4334
b0761,b2717
b3067,b2062
b0683,b0805
b3702,b3863
b1508,b3081
b3067,b2841
b3461,b4143
b3067,b2570
b3067,b1190
b4401,b2341
b3357,b3574
b1988,b4149
b3067,b0033
b3067,b0352
b4043,b0233
b3521,b3440
b3067,b2370
b2399,b3806
b0889,b3348
b0889,b3089
b1334,b1445
b4124,b4122
b3306,b3299
b2741,b1041
b4043,b3558
b4063,b2601
b3711,b0998
b3067,b3061
b3067,b4090
b4401,b4376
b3067,b2905
b0889,b3006
b2741,b1674
b0683,b3124
b3357,b3392
b0889,b2344
b3711,b1603
b4043,b1860
b2531,b3414
b3067,b0851
b2157,b3110
b3067,b0115
b1988,b0419
b3357,b3429
b0080,b2388
b1531,b3924
b2741,b3012
b4004,b3282
b3067,b3726
b3357,b2507
b3357,b2800
b3067,b0330
b3711,b0789
b3961,b1859
b1531,b4177
b4043,b0234
b0796,b0794
b0603,b0603
b3105,b0802
b1988,b4142
b1531,b3193
b4401,b0977
b3067,b4087
b0889,b1189
b1988,b3078
b3357,b4240
b3753,b3751
b3357,b0623
b1130,b1160
b1320,b4133
b3067,b3452
b3067,b3025
b0889,b2663
b1040,b1941
b3261,b3870
b1013,b1650
b1334,b3727
b3357,b4068
b3357,b2489
b0080,b2980
b3067,b0814
b1334,b3724
b0399,b1129
b3755,b0308
b3938,b3939
b1130,b3359
b3753,b4005
b2398,b3894
b0889,b4397
b0504,b0515
b2554,b4725
b3938,b2942
b2741,b0758
b1040,b1071
b2573,b0438
b3067,b3906
b1221,b2288
b2741,b2078
b3067,b1942
b0169,b0170
b3202,b2784
b2669,b2758
b1922,b1207
b3261,b2242
b1988,b3334
b3319,b3311
b0889,b1847
b1334,b3128
b2399,b0584
b3357,b0043
b3357,b3449
b3357,b0042
b2741,b1611
b2398,b0397
b3261,b2286
b0889,b0966
b4365,b1891
b3357,b2662
b3067,b0891
b3067,b1131
b1988,b2505
b3569,b3564
b3357,b1656
b1221,b2284
b1988,b0605
b2491,b2486
b3067,b2744
b0113,b2975
b1334,b0785
b3067,b2557
b3067,b2779
b3067,b1623
b2573,b2570
b3067,b0312
b3461,b1829
b3357,b3753
b3067,b3201
b3711,b1961
b4401,b1243
b3261,b1224
b2157,b1717
b3516,b4132
b0995,b3508
b2127,b3186
b3067,b3693
b2741,b0143
b3067,b3743
b2157,b1739
b0076,b2759
b0761,b2203
b1320,b2752
b3067,b0923
b3067,b1025
b3067,b2476
b4043,b0087
b2837,b0757
b2157,b1769
b0080,b1241
b3461,b3594
b3461,b4398
b1988,b0544
b3702,b3702
b3067,b0382
b3357,b1733
b3357,b0113
b3261,b0432
b0294,b1922
b3067,b0723
b3067,b1212
b1988,b4056
b3261,b3165
b1988,b3687
b3060,b3063
b3067,b0096
b3357,b1015
b1334,b3091
b1334,b0781
b3357,b0062
b2741,b4187
b3067,b0345
b2741,b2127
b3357,b4032
b0145,b2022
b1649,b1651
b3067,b2757
b3515,b3514
b2399,b3894
b1988,b0211
b3067,b0399
b1988,b4076
b0081,b0087
b4178,b4070
b3461,b1280
b1988,b2188
b1988,b3743
b3067,b0806
b0889,b3771
b4046,b4506
b1334,b2281
b3912,b0441
b0080,b4015
b0113,b0113
b1922,b1083
b1642,b2755
b3067,b0108
b3516,b3513
b3067,b3331
b2573,b3579
b3067,b2297
b3357,b4123
b1988,b4061
b3357,b0597
b0889,b1534
b3067,b0416
b3067,b3537
b1988,b1814
b3357,b1189
b3067,b1220
b1988,b2073
b3067,b4506
b1221,b2285
b3202,b2719
b4191,b4195
b4062,b1378
b1853,b0957
b1988,b2133
b0313,b0313
b3461,b1321
b3521,b3521
b3226,b4312
b1659,b4313
b2916,b2234
b0294,b1892
b0889,b2342
b3067,b2371
b1988,b4060
b3067,b3649
b3357,b2165
b3105,b3439
b3237,b3168
b0145,b3309
b2741,b3740
b0889,b0853
b1334,b2609
b3067,b4172
b4396,b3800
b2369,b3514
b3711,b0979
b3067,b3405
b1130,b3038
b3067,b3456
b3067,b0759
b0889,b2499
b3067,b1493
b1130,b4241
b1275,b1379
b0683,b2676
b3237,b1748
b4401,b0032
b2741,b1591
b0889,b3292
b1130,b0462
b1221,b2276
b1221,b4152
b3357,b3225
b0272,b0266
b4178,b1713
b3067,b1717
b0676,b4310
b0761,b2718
b2741,b0435
b3357,b3117
b3261,b2278
b0064,b2840
b1275,b2751
b1988,b0941
b1642,b1391
b1642,b3330
b3461,b3562
b0761,b2195
b3067,b2205
b2573,b0472
b1334,b1589
b1988,b3867
b1439,b1460
b3357,b2365
b3357,b3231
b0145,b3983
b1334,b2497
b4401,b0428
b0676,b4397
b2741,b4217
b0761,b2723
b4178,b2721
b1320,b3307
b0889,b1604
b3067,b0090
b1988,b3709
b3512,b4177
b1499,b3514
b3357,b2094
b3067,b4315
b1399,b1395
b3912,b2572
b1399,b1398
b3202,b3870
b3067,b3531
b4116,b3214
b2399,b3130
b2684,b0463
b2399,b3147
b1334,b1220
b4401,b0312
b3261,b0429
b3357,b2509
b3021,b1039
b1477,b0768
b3357,b2755
b3067,b0059
b4062,b1101
b3067,b1397
b0889,b4111
b3711,b3266
b0995,b3516
b0840,b0411
b4178,b1684
b0571,b0575
b2573,b3546
b3357,b2870
b1988,b0525
b1618,b1618
b0080,b1819
b3067,b0675
b2157,b1646
b3912,b1535
b3202,b2727
b0064,b0396
b3357,b4139
b1642,b1394
b1221,b1475
b3067,b0507
b0889,b3457
b0145,b2608
b2405,b2406
b3261,b4076
b0683,b1683
b3067,b4523
b3357,b2844
b3357,b3437
b1988,b2672
b4401,b4059
b3357,b1493
b1988,b4216
b3261,b1223
b0464,b1531
b3067,b2023
b2399,b1427
b2157,b0343
b3905,b3902
b3067,b0311
b3202,b2221
b3520,b1200
b2741,b1514
b4062,b0952
b2531,b1681
b3067,b2234
b3067,b4086
b3702,b2236
b2741,b2965
b0399,b4105
b0683,b0428
b1922,b2823
b0620,b0615
b3357,b3723
b2573,b2970
b4401,b1014
b3711,b0464
b3067,b1852
b1853,b3064
b1642,b3329
b2576,b3231
b4401,b1334
b1320,b0067
b3067,b0774
b2127,b4133
b0034,b0035
b3202,b2725
b3202,b2723
b0145,b2025
b1334,b0619
b1988,b0889
b1658,b0033
b1334,b2491
b3357,b3578
b2731,b2492
b1221,b3480
b0399,b1597
b3067,b1385
b1988,b0336
b3261,b4111
b1988,b2368
b1642,b1388
b2193,b0975
b0889,b1188
b1040,b1942
b3357,b2235
b0113,b0429
b0889,b1243
b0080,b2415
b1320,b1318
b1334,b0727
b1221,b1674
b2741,b0978
b0889,b4156
b4401,b4240
b3067,b2761
b4398,b3033
b0889,b4179
b4401,b3994
b1334,b4125
b3357,b0595
b1508,b2451
b3357,b4384
b1988,b0648
b0080,b2097
b0064,b0063
b3753,b3748
b0889,b0078
b1988,b2806
b3357,b3365
b3346,b1428
b1284,b2449
b0080,b0871
b1334,b1324
b3357,b2148
b3202,b0857
b2696,b1022
b3357,b0805
b3067,b0094
b1320,b1879
b3357,b0351
b2669,b2912
b4401,b0621
b2573,b2431
b3357,b1038
b4118,b4120
b4113,b4042
b3067,b2497
b0911,b0911
b1187,b3845
b2741,b2388
b3067,b0037
b3292,b3469
b0076,b0072
b2741,b1453
b3357,b3368
b3357,b4000
b1853,b3557
b4043,b0685
b4113,b3207
b3202,b1296
b3067,b1508
b2741,b2501
b3067,b4106
b0889,b2942
b3461,b2894
b1334,b3728
b2731,b2482
b0399,b3516
b3669,b3666
b3067,b0904
b3357,b1581
b2193,b4076
b1988,b2833
b3261,b2149
b3438,b3414
b4043,b4058
b3067,b0233
b3067,b0733
b2573,b0303
b3711,b2069
b0080,b1702
b0346,b0352
b3131,b3138
b0113,b4290
b4401,b3845
b3025,b3026
b0506,b0514
b3202,b3476
b1988,b1587
b1130,b1275
b1334,b3319
b4401,b4039
b0113,b0085
b3984,b3983
b0413,b2676
b2531,b2531
b3067,b3728
b3067,b1497
b3067,b2852
b0113,b0082
b1334,b0167
b2741,b2131
b3067,b3546
b3261,b0050
b1642,b0622
b1921,b3509
b2185,b2185
b0761,b0783
b3067,b2203
b2399,b0607
b0080,b0734
b1399,b1388
b2573,b3416
b1334,b2484
b1922,b1915
b3067,b0341
b3067,b0511
b3461,b1814
b2573,b3577
b3067,b3230
b3067,b0048
b1422,b4077
b0889,b1664
b1922,b1923
b2669,b2669
b2573,b2061
b0761,b2202
b3067,b1090
b3067,b0724
b1275,b0936
b3357,b1805
b2980,b2976
b1334,b1212
b3067,b0420
b3711,b4220
b2741,b1589
b1334,b3517
b1659,b1844
b4396,b0166
b1320,b1317
b1922,b1245
b3261,b0118
b3261,b1732
b2157,b0533
b3261,b0812
b3423,b2240
b0889,b1814
b1323,b0390
b1922,b0764
b0272,b0267
b3512,b0178
b3067,b2822
b0399,b0572
b1922,b1943
b1696,b3878
b2741,b3500
b0564,b0977
b3067,b0125
b3067,b0004
b2741,b4069
b3067,b1303
b3067,b4040
b3261,b2281
b3067,b2818
b4124,b3528
b0889,b3129
b2217,b2570
b0761,b2205
b0889,b3555
b1221,b3368
b4401,b1011
b3067,b2913
b3438,b4267
b3067,b2149
b2741,b1779
b1988,b0034
b1988,b2663
b1922,b1946
b2398,b1114
b2531,b2203
b1988,b3092
b3357,b4302
b1221,b2279
b3569,b0064
b0483,b0497
b1922,b1883
b3357,b3453
b4113,b2254
b3306,b3300
b0483,b0477
b3237,b2669
b2714,b2716
b3357,b4120
b3067,b3924
b1334,b2499
b4178,b2724
b1334,b2868
b0464,b1532
b3067,b2235
b1988,b2839
b3067,b1187
b1988,b0565
b3202,b0856
b0889,b0674
b3512,b0180
b1988,b1760
b1531,b1014
b3202,b2718
b1130,b1012
b2741,b3741
b1853,b2609
b3357,b1612
b1334,b1852
b1987,b0936
b2398,b3965
b0145,b3306
b4043,b0799
b1284,b3187
b3025,b4315
b3711,b3253
b2573,b3096
b0145,b4662
b2157,b0882
b1595,b1595
b1922,b1071
b3516,b0451
b1477,b4385
b3067,b2150
b2741,b3048
b3961,b0604
b4401,b0887
b1328,b1321
b1130,b2777
b3067,b1591
b4191,b4193
b3067,b3509
b3067,b0921
b2573,b0555
b0683,b3328
b2741,b3862
b3938,b4013
b3067,b0041
b3075,b3076
b3357,b3261
b3357,b0723
b0889,b2289
b3067,b4032
b3357,b0759
b1334,b0044
b1988,b2662
b1334,b4152
b4062,b0578
b1221,b0873
b2157,b2298
b0889,b0565
b0846,b1536
b1187,b1187
b2573,b3580
b0889,b2013
b1659,b1658
b1130,b0463
b1334,b2196
b3067,b0937
b0889,b4217
b0889,b1702
b3067,b1900
b3202,b2481
b3067,b2669
b4043,b0084
b3585,b0104
b1921,b1039
b0683,b1891
b1221,b2194
b0730,b0732
b3067,b2029
b1988,b1215
b2217,b0095
b0399,b4096
b3067,b0654
b1988,b3054
b3067,b4105
b2213,b2213
b1988,b1923
b3067,b3790
b4401,b0975
b3067,b0093
b3067,b0890
b3405,b3364
b4390,b0751
b3912,b1743
b3261,b3566
b3743,b3742
b2741,b4596
b3067,b0157
b0889,b2156
b3261,b3223
b3067,b0083
b3422,b4475
b1334,b1221
b1221,b1476
b1221,b2199
b3067,b0339
b3067,b3926
b2741,b4480
b3585,b3630
b0464,b0462
b0676,b2458
b3067,b3507
b3461,b1056
b0889,b3180
b0080,b2712
b0145,b3985
b0483,b1456
b2157,b0842
b1988,b1501
b2193,b2207
b3067,b0952
b4401,b4040
b1275,b2852
b0076,b4133
b3357,b4301
b3067,b3699
b4401,b2280
b3067,b3251
b2805,b2802
b3357,b0724
b1988,b1533
b2193,b2204
b3938,b2152
b3067,b3941
b2916,b1761
b1540,b1581
b2399,b3956
b1284,b3589
b3961,b2582
b3067,b2663
b3067,b3360
b0840,b4381
b3961,b4322
b3461,b0731
b4401,b4468
b3357,b2980
b3261,b0974
b1716,b1716
b2741,b0232
b1853,b4177
b1988,b4237
b1988,b3120
b4401,b1246
b3067,b2977
b3067,b3231
b0145,b2023
b1922,b1921
b3067,b0653
b2157,b0471
b3067,b1818
b0162,b3128
b3131,b3137
b3934,b2964
b0889,b0237
b0081,b0089
b1988,b4145
b3753,b2065
b2783,b2781
b3067,b4067
b4062,b2895
b3021,b1037
b3357,b4354
b3067,b1038
b3423,b2243
b0676,b1498
b3202,b2307
b3067,b3652
b0399,b3725
b4398,b3716
b2741,b1283
b3357,b4122
b2369,b2374
b4062,b3035
b1334,b1882
b0683,b0591
b2151,b0756
b1334,b1612
b2731,b2481
b1334,b0616
b1384,b1385
b2157,b2510
b3357,b1519
b3357,b4268
b3067,b0152
b1642,b0076
b2399,b2745
b3912,b3095
b3067,b4029
b0145,b3307
b4396,b0850
b1334,b0897
b2105,b2105
b3067,b4383
b1334,b0886
b1921,b1043
b3105,b3039
b3438,b4266
b3357,b4406
b0761,b4381
b0761,b2194
b3067,b1599
b3067,b0464
b0683,b3408
b1130,b1641
b1988,b1534
b3711,b1577
b1988,b3860
b2696,b3428
b3067,b3740
b1299,b1302
b1334,b2278
b3067,b2755
b3405,b1465
b2741,b1003
b1642,b0938
b3067,b2239
b1334,b1673
b1988,b1053
b0294,b0294
b3010,b3320
b3067,b3665
b3067,b3323
b3067,b3261
b3912,b0929
b3067,b0894
b3067,b1548
b3067,b3026
b3067,b3132
b3067,b1921
b3067,b0922
b1988,b4077
b1531,b0344
b1988,b1868
b1221,b4070
b3357,b3116
b4480,b3212
b1827,b1850
b3405,b3035
b3461,b0028
b1284,b4380
b1988,b0581
b0889,b0379
b0889,b0868
b4401,b3319
b1916,b0095
b1334,b0041
b3357,b1580
b3237,b0862
b4401,b3313
b4178,b0889
b3067,b2879
b3461,b1274
b3067,b0121
b0683,b0431
b3067,b1951
b1439,b1824
b1399,b1400
b3405,b1024
b3255,b3256
b3067,b3502
b0546,b0545
b1988,b3688
b3357,b1036
b3067,b3500
b3067,b3134
b1040,b0382
b3067,b3811
b3261,b3365
b3067,b4174
b3067,b1475
b3357,b1391
b1130,b0622
b1334,b3320
b3261,b2781
b0571,b0431
b1922,b0765
b3067,b0571
b3319,b3318
b3711,b2844
b3237,b1723
b0080,b0331
b1988,b2296
b3319,b3319
b2531,b0974
b3680,b3679
b2731,b2728
b3938,b3941
b1988,b2271
b2573,b3055
b1334,b1127
b0145,b3296
b1988,b2418
b3067,b4025
b2741,b0158
b1334,b0934
b2157,b2623
b3405,b3088
b4401,b3398
b3319,b3317
b3261,b2234
b3357,b3693
b1988,b2055
b0683,b2106
b3357,b0124
b2399,b3530
b3067,b3005
b0413,b2673
b3711,b0478
b4043,b0092
b4043,b0890
b3357,b2584
b2157,b1376
b4401,b0564
b1275,b0933
b3961,b2392
b4191,b4194
b2573,b3204
b3025,b1384
b0889,b0074
b0889,b3267
b3357,b3599
b3912,b2617
b1988,b3471
b4401,b1302
b3067,b2240
b1988,b0806
b0889,b3734
b0316,b3162
b0889,b3824
b1334,b2919
b4178,b2718
b0889,b2662
b3162,b0817
b3067,b4171
b3067,b0805
b3261,b4382
b3461,b2892
b3357,b3363
b0145,b3314
b1334,b4493
b3516,b1333
b1221,b2287
b3067,b3503
b2731,b2713
b3711,b3846
b3711,b2309
b2741,b1900
b1334,b4073
b2537,b2538
b3357,b4172
b3357,b0682
b3461,b0657
b1334,b2579
b3067,b2206
b4116,b3516
b3357,b2926
b2741,b0114
b1284,b2503
b3357,b4035
b3357,b4067
b3461,b2131
b1988,b1919
b3516,b1493
b0889,b3204
b0676,b0679
b3261,b1739
b0889,b0382
b3961,b0872
b2731,b2724
b3067,b1207
b1334,b2866
b2916,b3702
b1334,b3127
b1334,b3113
b1323,b0754
b3357,b3428
b4062,b0951
b4043,b1913
b3067,b3403
b0487,b0781
b1187,b2316
b4178,b2719
b3357,b3568
b1275,b0367
b1439,b1678
b3067,b3168
b1499,b3512
b2741,b3961
b3067,b3129
b3118,b3116
b0840,b4382
b2398,b1219
b3912,b4355
b2398,b3018
b3461,b4525
b3261,b4075
b3905,b3905
b0145,b3318
b2531,b0977
b1642,b1389
b3067,b3139
b4396,b2159
b3067,b1136
b3357,b0676
b3067,b0597
b3357,b3165
b1988,b2625
b3067,b1078
b3010,b0938
b4113,b0461
b3515,b3516
b2839,b2838
b3067,b0995
b3357,b1384
b2157,b3138
b1334,b0585
b1988,b0740
b0145,b0911
b3961,b0475
b0399,b2987
b1988,b0866
b2741,b2912
b3202,b3869
b4396,b3038
b2735,b2735
b3067,b3727
b1040,b1938
b2573,b0606
b3067,b1261
b3202,b0450
b4401,b3821
b3711,b2109
b0683,b0683
b1221,b2277
b1334,b3072
b3912,b1037
b2193,b2200
b1422,b0461
b3711,b0344
b0889,b2796
b3357,b2393
b3202,b2724
b3067,b1634
b3067,b3096
b0357,b0357
b3202,b2491
b3067,b1324
b3067,b0887
b3319,b3312
b3702,b3461
b0145,b3316
b1988,b3458
b0676,b2416
b3067,b2553
b1988,b3878
b3067,b2572
b3067,b4125
b4401,b2587
b2193,b1476
b1853,b3320
b1988,b1445
b1988,b2054
b1130,b3227
b1988,b0736
b2151,b2837
b0889,b3869
b1988,b0787
b3067,b2286
b3984,b3988
b1526,b0103
b1988,b2849
b1988,b0338
b1275,b2414
b2491,b2483
b3202,b2310
b4004,b4003
b1512,b1517
b3202,b2710
b3461,b0014
b3723,b3722
b1988,b1527
b3067,b2470
b1988,b0997
b4089,b4086
b4124,b4139
b0796,b0797
b1334,b3409
b1659,b2450
b3521,b3320
b1988,b0369
b1988,b0770
b0889,b0415
b0761,b1244
b2157,b4079
b3934,b4381
b1988,b3631
b0162,b0162
b3067,b0764
b0145,b3067
b3711,b0798
b0889,b0383
b4401,b4122
b3357,b0729
b3067,b1745
b3357,b4118
b3067,b3179
b1334,b2276
b3067,b3511
b1201,b1199
b1642,b2760
b1320,b4524
b1334,b0620
b3067,b4069
b0900,b3783
b2398,b3346
b4178,b0114
b0034,b0041
b3067,b0225
b1988,b0220
b3067,b2417
b0571,b0430
b3067,b0977
b1013,b1013
b3067,b4319
b2399,b3809
b3067,b3221
b1988,b2986
b1334,b0887
b3357,b4069
b0889,b4187
b0889,b1110
b1658,b2508
b3067,b3903
b4299,b3440
b3357,b2661
b3131,b3141
b3961,b3828
b2741,b0976
b3936,b3936
b3357,b0432
b3067,b0573
b2741,b0485
b3912,b1532
b1988,b0938
b2706,b2706
b0889,b1988
b0413,b4237
b3226,b3225
b0889,b3430
b0145,b3341
b1988,b0398
b3711,b4197
b1988,b1530
b4398,b3031
b1334,b2552
b1334,b0432
b1988,b3222
b1531,b3028
b3067,b2198
b2398,b0412
b0889,b1876
b3067,b3196
b1988,b1214
b3773,b3774
b1531,b3160
b3912,b4188
b3357,b3868
b4124,b4123
b3261,b0972
b3067,b3327
b3067,b4119
b3261,b2980
b3357,b1111
b1988,b1741
b1658,b2476
b3261,b3169
b3512,b3214
b3461,b1001
b0113,b0114
b1275,b2764
b3067,b0027
b3067,b1905
b1988,b2788
b1334,b2503
b3067,b3237
b4401,b1805
b1988,b2905
b3067,b3581
b3357,b0722
b3711,b1470
b2531,b0972
b4178,b4249
b3461,b4171
b2573,b0471
b1284,b2339
b2741,b1513
b0546,b2289
b4393,b1264
b3556,b2231
b3067,b2185
b3067,b1501
b2151,b2149
b1526,b1525
b1988,b3670
b0683,b1546
b3711,b0189
b3357,b3395
b3067,b3939
b2741,b1493
b2741,b1587
b1334,b4511
b3357,b1530
b3131,b3132
b2577,b2577
b3231,b3231
